[
  {
    "name": "pnp-adaptivecards-samples-image-carousel",
    "source": "pnp",
    "title": "Image Carousel Adaptive Card Design",
    "shortDescription": "Adaptive Card design for presenting product information in image carousel style format.",
    "url": "https://github.com/pnp/AdaptiveCards-Templates/tree/main/samples/image-carousel",
    "longDescription": [
      "Adaptive Card design for presenting product information in image carousel style format."
    ],
    "creationDateTime": "2021-12-28",
    "updateDateTime": "2021-12-28",
    "products": [
      "Viva"
    ],
    "metadata": [
    ],
"tags": [],
    "categories": [
    ],
    "thumbnails": [
      {
        "type": "image",
        "order": 100,
        "url": "https://raw.githubusercontent.com/pnp/AdaptiveCards-Templates/main/samples/image-carousel/assets/card.png",
        "alt": "Preview"
      }
    ],
    "authors": [
      {
        "gitHubAccount": "vesajuvonen",
        "company": "Microsoft",
        "pictureUrl": "https://avatars.githubusercontent.com/u/7446437?v=4",
        "name": "Vesa Juvonen"
      }
    ],
    "references": [
      {
        "name": "Overview of Viva Connections Extensibility",
        "description": "Building extensibility for the Microsoft Viva Connections.",
        "url": "https://docs.microsoft.com/en-us/sharepoint/dev/spfx/viva/overview-viva-connections?WT.mc_id=m365-15741-cxa"
      },
      {
        "name": "Designing Viva Connections custom cards for your dashboard",
        "description": "Design guidance for the Viva Cards.",
        "url": "https://docs.microsoft.com/en-us/sharepoint/dev/spfx/viva/design/designing-card?WT.mc_id=m365-15741-cxa"
      }
    ]
  }
]
