{
  "moduleType": "challenge-project",
  "moduleTemplatePath": "..\\content-templates\\challenge-project\\index.yml",
  "moduleTitleTemplate": "Challenge project - task",
  "units":[
    {
      "type": "introduction",
      "moduleUnitTemplatePath": "..\\content-templates\\default-units\\unit.yml",
      "contentTemplatePath": "..\\content-templates\\default-units\\introduction.md",
      "scaffoldFilename": "1-introduction",
      "unitTitleTemplate": "Introduction"
    },
    {
      "type": "learning-content",
      "moduleUnitTemplatePath": "..\\content-templates\\challenge-project\\prepare.yml",
      "contentTemplatePath": "..\\content-templates\\challenge-project\\prepare.md",
      "scaffoldFilename": "2-prepare",
      "unitTitleTemplate": "Prepare"
    },
    {
      "type": "exercise",
      "moduleUnitTemplatePath": "..\\content-templates\\default-units\\unit.yml",
      "contentTemplatePath": "..\\content-templates\\challenge-project\\exercise.md",
      "scaffoldFilename": "3-exercise",
      "unitTitleTemplate": "Enter exercise title"
    },
    {
      "type": "exercise",
      "moduleUnitTemplatePath": "..\\content-templates\\default-units\\unit.yml",
      "contentTemplatePath": "..\\content-templates\\challenge-project\\exercise.md",
      "scaffoldFilename": "4-exercise",
      "unitTitleTemplate": "Enter exercise title"
    },
    {
      "type": "exercise",
      "moduleUnitTemplatePath": "..\\content-templates\\default-units\\unit.yml",
      "contentTemplatePath": "..\\content-templates\\challenge-project\\exercise.md",
      "scaffoldFilename": "5-exercise",
      "unitTitleTemplate": "Enter exercise title"
    },
    {
      "type": "knowledge-check",
      "moduleUnitTemplatePath": "..\\content-templates\\default-units\\knowledge-check-unit.yml",
      "scaffoldFilename": "6-knowledge-check",
      "unitTitleTemplate": "Knowledge check"
    },
    {
      "type": "summary",
      "moduleUnitTemplatePath": "..\\content-templates\\default-units\\unit.yml",
      "contentTemplatePath": "..\\content-templates\\default-units\\summary.md",
      "scaffoldFilename": "7-summary",
      "unitTitleTemplate": "Summary"
    }
  ]
}